vendor_id,vendor_name,vendor_type,msme_flag,location,contract_value_lakhs,relationship_years,avg_delay_days,max_delay_days,delay_frequency,avg_planned_days,rejection_rate_pct,penalty_cases,avg_payment_delay,payment_risk_ratio,total_invoice_amount
V0001,Vendor_V0001,Infra,0,Hyderabad,375,5,2.375,9,0.625,36.958333333333336,5.59,0,5.4,0.0,843
V0002,Vendor_V0002,Services,0,Pune,343,12,2.6666666666666665,7,0.75,35.583333333333336,1.84,1,6.782608695652174,0.13043478260869565,1345
V0003,Vendor_V0003,OEM,0,Chennai,152,11,1.5,8,0.4583333333333333,33.916666666666664,7.15,2,5.954545454545454,0.045454545454545456,1438
V0004,Vendor_V0004,OEM,1,Pune,146,11,3.7083333333333335,12,0.8333333333333334,35.75,6.45,0,7.071428571428571,0.07142857142857142,1771
V0005,Vendor_V0005,Infra,1,Hyderabad,125,1,4.291666666666667,13,0.75,33.0,2.34,5,6.285714285714286,0.0,1152
V0006,Vendor_V0006,Infra,1,Bangalore,623,13,1.9166666666666667,7,0.5,32.041666666666664,5.86,1,6.1,0.0,1132
V0007,Vendor_V0007,Infra,0,Hyderabad,397,1,2.9583333333333335,10,0.75,33.458333333333336,5.22,1,6.68,0.08,1629
V0008,Vendor_V0008,Services,0,Bangalore,70,10,2.5416666666666665,8,0.5833333333333334,32.166666666666664,2.29,1,9.862068965517242,0.13793103448275862,1767
V0009,Vendor_V0009,OEM,1,Mumbai,48,9,4.041666666666667,11,0.7916666666666666,33.583333333333336,2.91,2,5.526315789473684,0.05263157894736842,1106
V0010,Vendor_V0010,OEM,0,Hyderabad,481,7,1.5,5,0.5,32.583333333333336,3.86,1,7.275862068965517,0.06896551724137931,1762
V0011,Vendor_V0011,Infra,0,Mumbai,315,1,2.75,9,0.5,32.958333333333336,5.89,3,9.2,0.1,1262
V0012,Vendor_V0012,Services,0,Chennai,316,12,3.875,12,0.7916666666666666,34.458333333333336,5.47,4,8.318181818181818,0.09090909090909091,1664
V0013,Vendor_V0013,Services,0,Pune,745,14,4.958333333333333,11,0.875,34.291666666666664,4.73,2,7.0,0.0,1265
V0014,Vendor_V0014,Infra,1,Bangalore,798,8,1.4583333333333333,7,0.375,38.166666666666664,6.38,2,6.142857142857143,0.07142857142857142,1966
V0015,Vendor_V0015,Infra,1,Pune,426,3,3.2916666666666665,8,0.8333333333333334,36.041666666666664,6.31,2,8.666666666666666,0.1111111111111111,1274
V0016,Vendor_V0016,Infra,1,Mumbai,788,8,2.5416666666666665,9,0.5416666666666666,36.083333333333336,5.33,2,7.588235294117647,0.11764705882352941,999
V0017,Vendor_V0017,Infra,0,Bangalore,632,5,4.125,10,0.7916666666666666,33.041666666666664,6.51,1,8.25,0.2,1489
V0018,Vendor_V0018,OEM,0,Pune,424,1,0.875,7,0.3333333333333333,37.0,3.34,2,8.5,0.05,1376
V0019,Vendor_V0019,OEM,0,Hyderabad,365,7,5.25,12,0.8333333333333334,34.291666666666664,7.17,2,6.071428571428571,0.0,1508
V0020,Vendor_V0020,Infra,0,Delhi,641,5,3.125,11,0.75,36.833333333333336,5.3,2,8.65,0.2,1188
V0021,Vendor_V0021,OEM,0,Mumbai,439,6,5.458333333333333,13,0.9166666666666666,33.375,6.76,5,7.413793103448276,0.13793103448275862,1788
V0022,Vendor_V0022,Infra,1,Pune,201,6,2.1666666666666665,11,0.5833333333333334,34.333333333333336,4.82,2,7.071428571428571,0.07142857142857142,1711
V0023,Vendor_V0023,Infra,1,Mumbai,20,8,4.166666666666667,13,0.7916666666666666,35.666666666666664,2.53,3,7.142857142857143,0.09523809523809523,1357
V0024,Vendor_V0024,Infra,0,Mumbai,586,9,2.3333333333333335,8,0.625,38.125,4.8,0,6.96,0.0,1415
V0025,Vendor_V0025,OEM,1,Bangalore,390,2,4.25,12,0.7916666666666666,37.125,3.6,2,6.235294117647059,0.11764705882352941,1022
V0026,Vendor_V0026,Services,1,Bangalore,680,9,3.4166666666666665,13,0.7083333333333334,35.583333333333336,5.88,2,6.666666666666667,0.0,1632
V0027,Vendor_V0027,Infra,0,Delhi,450,12,4.166666666666667,11,0.75,32.833333333333336,4.33,1,3.9310344827586206,0.0,1884
V0028,Vendor_V0028,OEM,1,Hyderabad,328,11,2.5,13,0.7083333333333334,32.25,6.85,2,9.482758620689655,0.06896551724137931,1757
V0029,Vendor_V0029,OEM,0,Mumbai,156,10,1.4166666666666667,9,0.4583333333333333,32.958333333333336,5.75,1,9.5,0.19230769230769232,1858
V0030,Vendor_V0030,Infra,0,Pune,221,9,4.25,14,0.7916666666666666,35.666666666666664,5.79,2,8.533333333333333,0.13333333333333333,1038
V0031,Vendor_V0031,OEM,0,Chennai,455,13,5.291666666666667,17,0.9166666666666666,35.458333333333336,2.52,4,6.1875,0.0,924
V0032,Vendor_V0032,Infra,1,Mumbai,332,10,4.458333333333333,13,0.9166666666666666,30.875,7.89,3,6.777777777777778,0.05555555555555555,1119
V0033,Vendor_V0033,Infra,0,Mumbai,136,10,2.7083333333333335,6,0.7083333333333334,35.25,6.89,1,7.523809523809524,0.047619047619047616,1398
V0034,Vendor_V0034,Services,0,Delhi,685,7,1.625,8,0.4583333333333333,33.25,6.52,3,6.571428571428571,0.07142857142857142,1890
V0035,Vendor_V0035,Services,0,Hyderabad,594,1,4.291666666666667,10,0.875,31.333333333333332,3.31,3,7.052631578947368,0.0,1006
V0036,Vendor_V0036,Services,0,Chennai,263,7,3.7916666666666665,12,0.8333333333333334,35.541666666666664,4.75,4,9.090909090909092,0.09090909090909091,1316
V0037,Vendor_V0037,Infra,1,Bangalore,556,10,1.5416666666666667,6,0.5,33.541666666666664,1.96,3,6.068965517241379,0.06896551724137931,2186
V0038,Vendor_V0038,Infra,1,Bangalore,621,5,3.9583333333333335,17,0.8333333333333334,35.375,4.77,1,7.85,0.1,1129
V0039,Vendor_V0039,OEM,0,Pune,94,6,2.9166666666666665,13,0.625,35.25,2.02,2,8.73076923076923,0.07692307692307693,1393
V0040,Vendor_V0040,OEM,0,Chennai,405,10,5.291666666666667,14,0.875,38.0,4.87,2,7.222222222222222,0.1111111111111111,1211
V0041,Vendor_V0041,Infra,0,Bangalore,229,7,2.4166666666666665,8,0.5833333333333334,30.458333333333332,5.54,2,6.714285714285714,0.047619047619047616,1108
V0042,Vendor_V0042,OEM,0,Pune,494,14,1.875,7,0.5416666666666666,37.166666666666664,3.73,3,5.375,0.0,949
V0043,Vendor_V0043,Infra,0,Hyderabad,437,5,5.291666666666667,14,0.875,38.041666666666664,4.49,2,8.275862068965518,0.10344827586206896,1656
V0044,Vendor_V0044,Services,0,Pune,366,7,3.875,11,0.8333333333333334,34.708333333333336,7.13,0,9.538461538461538,0.15384615384615385,1847
V0045,Vendor_V0045,Infra,0,Bangalore,548,9,2.7083333333333335,8,0.5833333333333334,35.625,1.76,1,7.827586206896552,0.06896551724137931,2215
V0046,Vendor_V0046,OEM,1,Delhi,659,3,5.041666666666667,16,0.75,33.291666666666664,6.54,1,6.172413793103448,0.034482758620689655,1745
V0047,Vendor_V0047,Infra,1,Delhi,782,8,0.9583333333333334,5,0.375,34.541666666666664,2.2,1,6.666666666666667,0.0,851
V0048,Vendor_V0048,OEM,0,Delhi,198,2,5.083333333333333,11,0.875,33.958333333333336,1.26,1,8.0625,0.125,1199
V0049,Vendor_V0049,OEM,0,Bangalore,201,11,3.5833333333333335,9,0.8333333333333334,38.25,2.3,3,7.869565217391305,0.08695652173913043,1421
V0050,Vendor_V0050,Infra,1,Delhi,683,7,2.4166666666666665,8,0.625,35.833333333333336,6.36,0,6.96,0.08,1712
V0051,Vendor_V0051,Services,0,Chennai,44,13,1.4583333333333333,7,0.4583333333333333,33.0,3.84,2,4.583333333333333,0.041666666666666664,1557
V0052,Vendor_V0052,Services,1,Hyderabad,199,2,5.791666666666667,10,0.9166666666666666,32.791666666666664,7.11,1,5.133333333333334,0.06666666666666667,1113
V0053,Vendor_V0053,Services,1,Pune,729,14,1.9166666666666667,9,0.6666666666666666,34.541666666666664,4.67,2,6.5,0.05,1221
V0054,Vendor_V0054,Services,0,Pune,520,4,1.9583333333333333,9,0.5416666666666666,34.708333333333336,1.16,1,8.0625,0.0625,819
V0055,Vendor_V0055,OEM,0,Bangalore,180,7,3.625,10,0.6666666666666666,33.916666666666664,6.02,1,6.0,0.0,1766
V0056,Vendor_V0056,Services,1,Delhi,196,3,2.4583333333333335,9,0.6666666666666666,36.25,1.77,1,5.782608695652174,0.0,1634
V0057,Vendor_V0057,Infra,0,Delhi,304,2,3.0833333333333335,10,0.6666666666666666,37.75,6.53,2,6.904761904761905,0.047619047619047616,1156
V0058,Vendor_V0058,Infra,0,Mumbai,82,11,2.2916666666666665,8,0.6666666666666666,34.291666666666664,2.18,2,8.666666666666666,0.06666666666666667,1068
V0059,Vendor_V0059,Infra,1,Hyderabad,681,10,2.2916666666666665,9,0.5416666666666666,33.541666666666664,3.42,2,4.875,0.0,831
V0060,Vendor_V0060,Infra,0,Chennai,685,7,2.6666666666666665,9,0.7083333333333334,36.958333333333336,6.33,2,6.181818181818182,0.045454545454545456,1802
V0061,Vendor_V0061,Infra,0,Pune,175,1,2.125,7,0.6666666666666666,37.416666666666664,7.68,1,7.0,0.10344827586206896,1625
V0062,Vendor_V0062,Infra,1,Mumbai,488,14,4.166666666666667,11,0.8333333333333334,33.416666666666664,3.6,1,6.045454545454546,0.0,1404
V0063,Vendor_V0063,Services,0,Mumbai,68,8,2.0833333333333335,8,0.625,34.125,6.81,2,6.827586206896552,0.10344827586206896,1803
V0064,Vendor_V0064,Infra,0,Bangalore,103,3,2.0,8,0.625,35.333333333333336,2.34,2,4.6923076923076925,0.038461538461538464,1490
V0065,Vendor_V0065,Infra,1,Pune,380,12,3.6666666666666665,11,0.6666666666666666,32.416666666666664,6.65,3,6.25,0.0,648
V0066,Vendor_V0066,OEM,0,Bangalore,708,12,3.125,11,0.5416666666666666,35.166666666666664,5.6,2,8.272727272727273,0.13636363636363635,1146
V0067,Vendor_V0067,Infra,1,Chennai,167,13,2.2916666666666665,8,0.625,33.958333333333336,2.35,1,5.7368421052631575,0.0,1148
V0068,Vendor_V0068,Services,1,Mumbai,649,2,5.666666666666667,12,0.875,33.0,3.12,2,7.12,0.08,1377
V0069,Vendor_V0069,Infra,0,Mumbai,361,3,2.9166666666666665,9,0.625,35.708333333333336,1.92,2,5.666666666666667,0.0,932
V0070,Vendor_V0070,Services,0,Hyderabad,495,5,3.125,9,0.7916666666666666,34.458333333333336,3.68,2,7.333333333333333,0.08333333333333333,1264
V0071,Vendor_V0071,Services,0,Chennai,82,11,1.7916666666666667,9,0.5416666666666666,34.875,2.43,2,7.136363636363637,0.09090909090909091,1156
V0072,Vendor_V0072,Infra,0,Mumbai,720,8,1.5833333333333333,8,0.4166666666666667,32.958333333333336,5.51,2,7.2272727272727275,0.045454545454545456,1574
V0073,Vendor_V0073,Infra,0,Chennai,379,10,3.9583333333333335,10,0.75,36.541666666666664,7.96,1,8.083333333333334,0.125,1109
V0074,Vendor_V0074,Services,1,Pune,580,7,5.916666666666667,16,0.8333333333333334,35.25,1.08,0,6.913043478260869,0.0,1310
V0075,Vendor_V0075,OEM,0,Delhi,346,7,4.0,13,0.7916666666666666,37.291666666666664,4.79,1,4.88,0.04,1473
V0076,Vendor_V0076,OEM,0,Mumbai,788,12,5.625,15,0.7083333333333334,36.125,5.02,5,6.214285714285714,0.03571428571428571,1689
V0077,Vendor_V0077,Services,1,Hyderabad,755,7,4.208333333333333,11,0.7916666666666666,34.666666666666664,7.4,4,6.777777777777778,0.0,2061
V0078,Vendor_V0078,Infra,0,Pune,160,8,3.625,12,0.75,33.291666666666664,4.54,3,7.576923076923077,0.038461538461538464,1557
V0079,Vendor_V0079,Infra,1,Chennai,234,1,4.75,12,0.875,34.75,4.81,2,7.0,0.17391304347826086,1231
V0080,Vendor_V0080,Infra,0,Bangalore,454,4,1.7916666666666667,5,0.5,37.583333333333336,4.3,2,6.64,0.08,1894
V0081,Vendor_V0081,Services,0,Pune,742,13,2.75,12,0.625,38.541666666666664,2.88,2,6.76,0.04,1800
V0082,Vendor_V0082,OEM,1,Mumbai,337,6,2.0416666666666665,7,0.5833333333333334,36.166666666666664,1.39,2,6.260869565217392,0.0,1478
V0083,Vendor_V0083,Infra,1,Chennai,51,9,0.6666666666666666,6,0.3333333333333333,32.416666666666664,3.86,0,6.0,0.05,1431
V0084,Vendor_V0084,Infra,1,Delhi,689,13,4.875,10,0.9166666666666666,34.583333333333336,1.37,1,6.241379310344827,0.06896551724137931,1842
V0085,Vendor_V0085,Infra,1,Pune,304,2,1.375,7,0.5416666666666666,34.791666666666664,4.85,1,7.333333333333333,0.07407407407407407,1506
V0086,Vendor_V0086,Infra,1,Mumbai,324,1,2.2916666666666665,7,0.7083333333333334,36.75,3.15,0,5.7894736842105265,0.0,1082
V0087,Vendor_V0087,OEM,0,Hyderabad,448,13,3.3333333333333335,11,0.6666666666666666,37.208333333333336,4.74,4,7.333333333333333,0.037037037037037035,1923
V0088,Vendor_V0088,OEM,0,Bangalore,496,10,3.4583333333333335,11,0.7083333333333334,35.208333333333336,1.94,2,7.105263157894737,0.10526315789473684,1116
V0089,Vendor_V0089,Services,1,Chennai,305,12,2.9166666666666665,12,0.5833333333333334,34.125,7.53,0,5.961538461538462,0.07692307692307693,1683
V0090,Vendor_V0090,OEM,1,Pune,163,14,3.2083333333333335,9,0.7083333333333334,35.125,7.26,2,8.3125,0.125,1084
V0091,Vendor_V0091,Infra,1,Pune,443,2,4.583333333333333,11,0.875,34.291666666666664,2.33,0,7.296296296296297,0.037037037037037035,1867
V0092,Vendor_V0092,OEM,0,Delhi,38,7,4.0,12,0.6666666666666666,34.5,3.4,3,6.0,0.1,1090
V0093,Vendor_V0093,Services,0,Delhi,37,3,3.9583333333333335,11,0.875,37.0,5.29,2,7.2727272727272725,0.045454545454545456,1248
V0094,Vendor_V0094,OEM,1,Hyderabad,788,10,4.708333333333333,15,0.7916666666666666,36.5,1.67,1,6.344827586206897,0.0,1857
V0095,Vendor_V0095,Services,0,Bangalore,609,2,2.5833333333333335,8,0.625,34.416666666666664,3.48,1,7.3125,0.0625,776
V0096,Vendor_V0096,OEM,1,Hyderabad,390,14,1.875,7,0.5,36.125,2.76,3,5.6521739130434785,0.043478260869565216,1287
V0097,Vendor_V0097,OEM,1,Mumbai,194,11,2.8333333333333335,9,0.6666666666666666,33.458333333333336,7.41,3,7.0,0.0,984
V0098,Vendor_V0098,OEM,0,Mumbai,213,7,2.3333333333333335,9,0.5,34.416666666666664,6.97,3,7.0,0.04,1357
V0099,Vendor_V0099,Infra,1,Hyderabad,521,13,5.25,13,0.875,35.25,5.06,0,8.263157894736842,0.15789473684210525,1078
V0100,Vendor_V0100,Infra,1,Bangalore,132,13,5.625,16,0.9166666666666666,31.583333333333332,4.64,0,8.0,0.12,1366
V0101,Vendor_V0101,Infra,0,Hyderabad,133,2,2.5833333333333335,8,0.7083333333333334,35.625,7.52,3,7.137931034482759,0.10344827586206896,1781
V0102,Vendor_V0102,OEM,1,Bangalore,241,3,1.8333333333333333,5,0.5833333333333334,36.958333333333336,7.53,3,7.48,0.04,1421
V0103,Vendor_V0103,Infra,0,Bangalore,697,11,3.4166666666666665,11,0.7083333333333334,31.541666666666668,7.79,1,5.375,0.0,959
V0104,Vendor_V0104,OEM,1,Chennai,663,7,2.5833333333333335,8,0.7083333333333334,32.25,1.88,4,7.416666666666667,0.125,1510
V0105,Vendor_V0105,Services,0,Bangalore,283,14,0.7916666666666666,5,0.3333333333333333,34.416666666666664,2.12,0,7.6923076923076925,0.15384615384615385,1681
V0106,Vendor_V0106,Infra,1,Delhi,74,4,1.5416666666666667,7,0.4583333333333333,35.625,5.74,1,6.125,0.125,1082
V0107,Vendor_V0107,OEM,0,Bangalore,662,13,3.5833333333333335,10,0.7916666666666666,33.166666666666664,4.79,3,7.444444444444445,0.1111111111111111,904
V0108,Vendor_V0108,Services,0,Bangalore,797,14,2.5833333333333335,11,0.5416666666666666,37.541666666666664,1.13,2,6.115384615384615,0.07692307692307693,1647
V0109,Vendor_V0109,Infra,1,Bangalore,477,1,3.4166666666666665,9,0.75,33.083333333333336,1.43,2,7.684210526315789,0.10526315789473684,1166
V0110,Vendor_V0110,Infra,0,Mumbai,181,13,5.625,13,0.9583333333333334,35.666666666666664,7.22,1,3.411764705882353,0.0,1110
V0111,Vendor_V0111,Infra,0,Delhi,399,14,1.8333333333333333,5,0.625,37.083333333333336,7.08,4,6.391304347826087,0.043478260869565216,1531
V0112,Vendor_V0112,Infra,1,Delhi,106,5,3.75,9,0.75,35.791666666666664,3.5,2,7.3,0.1,1160
V0113,Vendor_V0113,Services,1,Hyderabad,74,12,2.5833333333333335,11,0.6666666666666666,35.125,7.24,2,7.724137931034483,0.034482758620689655,1758
V0114,Vendor_V0114,Services,0,Chennai,495,9,3.7083333333333335,14,0.75,34.041666666666664,5.16,1,9.642857142857142,0.17857142857142858,1975
V0115,Vendor_V0115,OEM,1,Bangalore,197,8,1.25,5,0.5,32.458333333333336,6.64,4,7.115384615384615,0.038461538461538464,1759
V0116,Vendor_V0116,Services,0,Pune,410,12,3.5,8,0.75,35.416666666666664,3.99,5,6.730769230769231,0.11538461538461539,1818
V0117,Vendor_V0117,Services,0,Chennai,368,9,2.625,12,0.5416666666666666,32.625,1.79,2,8.454545454545455,0.13636363636363635,1183
V0118,Vendor_V0118,Infra,0,Chennai,27,10,1.9583333333333333,9,0.5,36.625,4.04,2,9.96551724137931,0.1724137931034483,1767
V0119,Vendor_V0119,Services,1,Delhi,332,14,3.875,9,0.75,36.625,4.2,0,7.535714285714286,0.03571428571428571,1763
V0120,Vendor_V0120,OEM,1,Chennai,778,9,1.9583333333333333,8,0.5416666666666666,34.75,4.86,3,5.590909090909091,0.0,1221
V0121,Vendor_V0121,Services,1,Bangalore,462,7,3.125,13,0.625,35.75,1.74,2,8.15,0.1,1446
V0122,Vendor_V0122,Services,1,Bangalore,786,4,2.0833333333333335,7,0.5833333333333334,31.458333333333332,7.94,5,6.55,0.1,1352
V0123,Vendor_V0123,Infra,0,Mumbai,347,5,2.8333333333333335,10,0.5416666666666666,33.25,2.71,6,7.0,0.06896551724137931,1819
V0124,Vendor_V0124,Infra,0,Bangalore,73,1,3.2083333333333335,10,0.75,32.666666666666664,2.39,3,7.454545454545454,0.09090909090909091,1393
V0125,Vendor_V0125,Infra,0,Bangalore,780,14,3.0,10,0.5416666666666666,31.0,4.69,3,6.086956521739131,0.043478260869565216,1496
V0126,Vendor_V0126,OEM,0,Delhi,258,1,4.541666666666667,13,0.7916666666666666,33.666666666666664,4.76,3,8.823529411764707,0.17647058823529413,1098
V0127,Vendor_V0127,Services,0,Bangalore,248,3,3.3333333333333335,8,0.75,34.416666666666664,4.08,2,6.346153846153846,0.038461538461538464,1600
V0128,Vendor_V0128,Services,1,Mumbai,598,13,2.2083333333333335,9,0.4583333333333333,31.791666666666668,6.4,3,8.076923076923077,0.0,1617
V0129,Vendor_V0129,Infra,0,Pune,70,14,2.8333333333333335,7,0.7083333333333334,33.875,4.62,2,8.296296296296296,0.037037037037037035,1896
V0130,Vendor_V0130,OEM,0,Delhi,628,8,4.375,11,0.75,37.5,5.27,0,7.0,0.043478260869565216,1358
V0131,Vendor_V0131,OEM,0,Pune,623,14,3.7083333333333335,10,0.7083333333333334,38.0,6.07,2,7.578947368421052,0.21052631578947367,1125
V0132,Vendor_V0132,Infra,1,Delhi,283,2,3.625,11,0.75,38.416666666666664,1.18,2,6.7272727272727275,0.045454545454545456,1643
V0133,Vendor_V0133,Infra,1,Hyderabad,437,4,3.7083333333333335,10,0.6666666666666666,34.458333333333336,4.99,2,6.961538461538462,0.11538461538461539,1695
V0134,Vendor_V0134,Infra,0,Chennai,115,2,2.7083333333333335,8,0.7916666666666666,34.833333333333336,7.19,2,8.666666666666666,0.14814814814814814,1732
V0135,Vendor_V0135,Services,0,Hyderabad,107,14,3.2083333333333335,13,0.7083333333333334,33.791666666666664,1.12,1,5.64,0.04,1491
V0136,Vendor_V0136,Infra,1,Bangalore,97,5,5.791666666666667,12,1.0,35.333333333333336,3.84,2,7.5,0.125,1202
V0137,Vendor_V0137,OEM,0,Pune,307,9,3.7083333333333335,12,0.75,32.875,7.48,5,8.882352941176471,0.11764705882352941,1183
V0138,Vendor_V0138,OEM,1,Bangalore,139,1,4.125,11,0.9166666666666666,34.75,3.47,1,9.947368421052632,0.21052631578947367,1312
V0139,Vendor_V0139,Infra,1,Chennai,510,5,3.7916666666666665,14,0.625,32.583333333333336,4.21,0,5.777777777777778,0.0,1067
V0140,Vendor_V0140,Services,0,Delhi,471,14,1.5833333333333333,6,0.5416666666666666,38.166666666666664,7.87,2,8.263157894736842,0.15789473684210525,1010
V0141,Vendor_V0141,Services,0,Chennai,519,9,5.625,13,0.8333333333333334,34.666666666666664,2.4,0,6.0588235294117645,0.0,1105
V0142,Vendor_V0142,Infra,1,Mumbai,184,1,2.625,14,0.5833333333333334,34.125,1.46,3,6.947368421052632,0.0,1018
V0143,Vendor_V0143,OEM,0,Chennai,201,9,3.0,9,0.7083333333333334,30.916666666666668,7.02,2,6.421052631578948,0.0,1392
V0144,Vendor_V0144,Infra,0,Mumbai,488,8,1.75,9,0.5,35.375,7.08,3,6.043478260869565,0.0,1492
V0145,Vendor_V0145,Infra,1,Chennai,754,4,2.4166666666666665,10,0.5833333333333334,33.166666666666664,4.3,4,5.75,0.0,628
V0146,Vendor_V0146,Infra,1,Mumbai,26,12,6.625,12,0.9166666666666666,36.583333333333336,4.6,1,8.48,0.08,1261
V0147,Vendor_V0147,OEM,1,Pune,349,11,1.8333333333333333,10,0.4583333333333333,33.041666666666664,6.85,1,6.095238095238095,0.0,1367
V0148,Vendor_V0148,OEM,1,Bangalore,794,10,4.083333333333333,13,0.75,31.666666666666668,6.17,1,6.125,0.0,1638
V0149,Vendor_V0149,Infra,0,Bangalore,692,5,1.0416666666666667,6,0.3333333333333333,31.958333333333332,2.86,2,7.296296296296297,0.07407407407407407,1673
V0150,Vendor_V0150,Infra,0,Hyderabad,170,13,2.75,9,0.5416666666666666,36.958333333333336,1.12,1,6.653846153846154,0.038461538461538464,1313
V0151,Vendor_V0151,Services,1,Bangalore,104,5,5.041666666666667,12,0.9166666666666666,36.291666666666664,4.36,3,5.9655172413793105,0.034482758620689655,2279
V0152,Vendor_V0152,Infra,0,Delhi,166,11,3.0416666666666665,11,0.5833333333333334,32.958333333333336,7.01,4,7.714285714285714,0.09523809523809523,1153
V0153,Vendor_V0153,Infra,0,Chennai,643,12,3.8333333333333335,10,0.7083333333333334,32.875,7.27,2,6.206896551724138,0.10344827586206896,1635
V0154,Vendor_V0154,OEM,1,Hyderabad,400,6,2.625,9,0.5416666666666666,36.666666666666664,7.69,3,8.148148148148149,0.1111111111111111,1855
V0155,Vendor_V0155,Services,0,Delhi,567,7,2.375,7,0.625,36.625,7.16,1,7.117647058823529,0.11764705882352941,995
V0156,Vendor_V0156,Infra,0,Delhi,304,8,3.9583333333333335,12,0.7083333333333334,33.333333333333336,5.06,1,8.73076923076923,0.19230769230769232,1669
V0157,Vendor_V0157,OEM,0,Mumbai,719,14,4.333333333333333,12,0.875,33.166666666666664,4.11,4,6.590909090909091,0.0,1166
V0158,Vendor_V0158,Services,0,Bangalore,101,8,1.9583333333333333,9,0.5416666666666666,37.208333333333336,6.42,3,6.730769230769231,0.038461538461538464,1707
V0159,Vendor_V0159,Infra,0,Pune,533,11,3.0,12,0.625,34.916666666666664,6.18,1,8.481481481481481,0.14814814814814814,1900
V0160,Vendor_V0160,OEM,0,Pune,728,14,3.2083333333333335,10,0.7083333333333334,38.291666666666664,4.77,3,7.862068965517241,0.06896551724137931,1822
V0161,Vendor_V0161,Infra,0,Hyderabad,542,13,3.0,12,0.7916666666666666,34.041666666666664,1.61,2,5.434782608695652,0.0,1428
V0162,Vendor_V0162,OEM,1,Pune,765,2,4.708333333333333,10,0.875,36.208333333333336,7.48,2,6.909090909090909,0.09090909090909091,1258
V0163,Vendor_V0163,OEM,1,Chennai,405,9,5.458333333333333,11,0.875,36.291666666666664,4.19,4,6.214285714285714,0.03571428571428571,1868
V0164,Vendor_V0164,OEM,0,Pune,726,7,5.583333333333333,13,0.75,34.333333333333336,3.54,2,6.571428571428571,0.07142857142857142,2141
V0165,Vendor_V0165,Infra,1,Hyderabad,490,4,3.7083333333333335,9,0.7916666666666666,33.833333333333336,5.41,2,7.2727272727272725,0.045454545454545456,1294
V0166,Vendor_V0166,Services,0,Pune,138,4,5.041666666666667,13,0.9166666666666666,33.708333333333336,5.72,4,7.0625,0.0625,876
V0167,Vendor_V0167,Infra,0,Chennai,415,11,2.1666666666666665,7,0.5,32.416666666666664,2.47,4,5.842105263157895,0.0,1062
V0168,Vendor_V0168,Infra,1,Mumbai,551,8,3.5416666666666665,15,0.75,32.833333333333336,6.86,2,6.535714285714286,0.03571428571428571,2012
V0169,Vendor_V0169,Infra,0,Hyderabad,280,4,4.583333333333333,10,0.7916666666666666,36.291666666666664,3.03,1,7.083333333333333,0.08333333333333333,1427
V0170,Vendor_V0170,OEM,1,Mumbai,275,13,2.2083333333333335,13,0.5,34.583333333333336,2.31,1,4.473684210526316,0.0,1458
V0171,Vendor_V0171,OEM,0,Mumbai,753,6,4.166666666666667,13,0.75,31.708333333333332,3.84,2,8.03448275862069,0.06896551724137931,1822
V0172,Vendor_V0172,Infra,1,Mumbai,245,5,4.166666666666667,11,0.7916666666666666,34.625,6.11,2,5.619047619047619,0.047619047619047616,1043
V0173,Vendor_V0173,OEM,0,Delhi,72,3,2.1666666666666665,9,0.6666666666666666,35.958333333333336,7.76,2,6.5625,0.0,854
V0174,Vendor_V0174,Infra,1,Bangalore,519,13,4.375,10,0.875,34.125,6.66,2,7.4375,0.125,994
V0175,Vendor_V0175,OEM,0,Delhi,525,14,3.75,11,0.75,32.375,7.58,2,6.090909090909091,0.045454545454545456,1478
V0176,Vendor_V0176,Infra,1,Bangalore,383,10,3.5,10,0.7916666666666666,37.0,1.98,2,7.9523809523809526,0.09523809523809523,1320
V0177,Vendor_V0177,OEM,0,Mumbai,299,11,3.0,8,0.6666666666666666,38.208333333333336,1.5,2,7.6,0.0,884
V0178,Vendor_V0178,Infra,0,Hyderabad,612,2,3.625,11,0.6666666666666666,37.666666666666664,4.9,2,7.125,0.125,976
V0179,Vendor_V0179,Services,1,Bangalore,733,9,2.0833333333333335,6,0.5416666666666666,32.125,3.03,6,7.95,0.1,1053
V0180,Vendor_V0180,Infra,0,Chennai,177,10,2.9166666666666665,9,0.75,38.083333333333336,6.8,2,5.88,0.04,1619
V0181,Vendor_V0181,Infra,1,Chennai,651,9,5.541666666666667,12,0.7916666666666666,35.833333333333336,5.7,1,6.230769230769231,0.11538461538461539,1921
V0182,Vendor_V0182,Infra,1,Pune,78,1,2.0833333333333335,8,0.625,31.875,7.8,3,8.352941176470589,0.058823529411764705,845
V0183,Vendor_V0183,Services,0,Bangalore,746,10,5.75,19,0.875,36.375,2.78,1,3.888888888888889,0.0,1194
V0184,Vendor_V0184,Services,1,Hyderabad,147,3,3.0,12,0.5833333333333334,32.25,4.4,5,6.826086956521739,0.043478260869565216,1469
V0185,Vendor_V0185,Infra,0,Delhi,755,8,3.0416666666666665,13,0.625,29.625,4.51,2,8.125,0.0625,1125
V0186,Vendor_V0186,OEM,1,Mumbai,740,6,3.875,10,0.875,34.75,2.67,1,6.916666666666667,0.041666666666666664,1298
V0187,Vendor_V0187,Services,0,Pune,134,5,3.0833333333333335,9,0.75,38.25,5.13,2,7.714285714285714,0.09523809523809523,1168
V0188,Vendor_V0188,OEM,0,Chennai,228,5,1.9166666666666667,9,0.4583333333333333,36.958333333333336,4.1,1,10.0,0.21052631578947367,1074
V0189,Vendor_V0189,OEM,1,Delhi,545,6,3.1666666666666665,10,0.7083333333333334,33.958333333333336,4.13,0,7.625,0.0625,969
V0190,Vendor_V0190,Infra,1,Delhi,540,7,3.7916666666666665,11,0.7083333333333334,34.875,3.54,5,8.0,0.038461538461538464,1608
V0191,Vendor_V0191,Infra,0,Mumbai,571,1,1.5,6,0.375,32.291666666666664,1.12,3,7.068965517241379,0.0,1871
V0192,Vendor_V0192,Services,1,Bangalore,256,9,3.5833333333333335,8,0.75,34.791666666666664,4.65,1,6.0625,0.0625,1028
V0193,Vendor_V0193,Services,0,Chennai,300,3,2.2083333333333335,12,0.4583333333333333,34.291666666666664,3.35,4,7.5625,0.0,1064
V0194,Vendor_V0194,OEM,0,Hyderabad,378,4,3.4583333333333335,12,0.7083333333333334,35.833333333333336,1.01,0,6.157894736842105,0.05263157894736842,1128
V0195,Vendor_V0195,Infra,0,Delhi,220,10,1.4583333333333333,7,0.4166666666666667,33.083333333333336,3.16,2,8.052631578947368,0.10526315789473684,1250
V0196,Vendor_V0196,Infra,0,Mumbai,777,1,3.4166666666666665,11,0.6666666666666666,31.5,2.95,0,8.9375,0.0625,804
V0197,Vendor_V0197,OEM,0,Hyderabad,297,13,3.3333333333333335,10,0.6666666666666666,34.208333333333336,3.75,4,6.964285714285714,0.10714285714285714,1770
V0198,Vendor_V0198,Services,0,Bangalore,254,11,2.0416666666666665,9,0.5416666666666666,38.333333333333336,1.92,4,5.6,0.0,1259
V0199,Vendor_V0199,Services,1,Chennai,513,10,2.625,10,0.5416666666666666,37.083333333333336,4.55,2,6.5,0.07142857142857142,1516
V0200,Vendor_V0200,Services,1,Bangalore,23,3,4.333333333333333,11,0.6666666666666666,33.375,5.85,2,8.411764705882353,0.23529411764705882,1196
V0201,Vendor_V0201,OEM,1,Delhi,685,2,2.5,11,0.625,36.833333333333336,5.41,3,8.37037037037037,0.07407407407407407,1267
V0202,Vendor_V0202,Infra,0,Hyderabad,461,2,2.9583333333333335,11,0.5416666666666666,34.041666666666664,6.63,1,9.0,0.05555555555555555,1092
V0203,Vendor_V0203,Infra,0,Hyderabad,48,14,3.4583333333333335,10,0.6666666666666666,33.541666666666664,4.16,4,5.866666666666666,0.13333333333333333,942
V0204,Vendor_V0204,Services,1,Hyderabad,128,1,3.6666666666666665,13,0.7083333333333334,32.875,4.63,0,8.32,0.2,1506
V0205,Vendor_V0205,OEM,1,Delhi,629,8,4.375,12,0.8333333333333334,36.083333333333336,6.67,2,8.411764705882353,0.17647058823529413,1058
V0206,Vendor_V0206,Infra,0,Delhi,746,3,4.125,15,0.7916666666666666,33.791666666666664,3.99,0,5.833333333333333,0.05555555555555555,1113
V0207,Vendor_V0207,Infra,1,Bangalore,94,3,2.5833333333333335,9,0.7083333333333334,35.0,5.91,0,6.695652173913044,0.08695652173913043,1424
V0208,Vendor_V0208,OEM,1,Pune,165,6,3.2916666666666665,16,0.6666666666666666,33.375,4.04,6,8.380952380952381,0.14285714285714285,1381
V0209,Vendor_V0209,Infra,1,Bangalore,147,13,1.875,8,0.5833333333333334,35.416666666666664,3.92,2,8.1875,0.0625,795
V0210,Vendor_V0210,Infra,1,Chennai,61,8,1.9166666666666667,9,0.4583333333333333,34.041666666666664,6.32,1,6.277777777777778,0.05555555555555555,1328
V0211,Vendor_V0211,OEM,1,Mumbai,375,13,3.9166666666666665,9,0.8333333333333334,36.75,2.22,2,7.32,0.08,1630
V0212,Vendor_V0212,OEM,0,Hyderabad,60,9,3.0416666666666665,7,0.75,36.291666666666664,3.37,4,5.25,0.0,1189
V0213,Vendor_V0213,OEM,1,Pune,53,9,4.541666666666667,14,0.75,33.75,2.57,1,6.75,0.10714285714285714,1517
V0214,Vendor_V0214,Infra,1,Mumbai,36,4,2.375,8,0.5833333333333334,34.291666666666664,3.51,5,7.428571428571429,0.14285714285714285,1235
V0215,Vendor_V0215,OEM,0,Pune,696,14,3.5,12,0.75,34.791666666666664,2.61,1,5.666666666666667,0.037037037037037035,1717
V0216,Vendor_V0216,Infra,0,Bangalore,172,5,2.5416666666666665,9,0.7083333333333334,34.5,5.06,0,6.230769230769231,0.038461538461538464,1482
V0217,Vendor_V0217,Infra,0,Delhi,397,2,1.7083333333333333,9,0.4583333333333333,36.416666666666664,6.59,1,6.888888888888889,0.07407407407407407,1650
V0218,Vendor_V0218,OEM,1,Hyderabad,607,11,5.458333333333333,11,0.9583333333333334,31.125,6.51,1,7.416666666666667,0.125,1505
V0219,Vendor_V0219,OEM,1,Bangalore,618,9,2.3333333333333335,10,0.5833333333333334,33.166666666666664,3.55,0,6.739130434782608,0.0,1360
V0220,Vendor_V0220,Services,0,Mumbai,648,8,4.25,11,0.8333333333333334,35.875,7.92,4,5.090909090909091,0.045454545454545456,1320
V0221,Vendor_V0221,OEM,0,Mumbai,361,3,3.3333333333333335,12,0.625,34.166666666666664,5.16,1,8.5,0.16666666666666666,1267
V0222,Vendor_V0222,OEM,0,Mumbai,46,11,3.7083333333333335,15,0.7083333333333334,35.375,3.8,2,7.75,0.125,810
V0223,Vendor_V0223,Infra,1,Mumbai,306,12,1.75,8,0.5833333333333334,31.666666666666668,6.85,4,8.695652173913043,0.043478260869565216,1543
V0224,Vendor_V0224,Infra,1,Mumbai,665,13,3.8333333333333335,9,0.6666666666666666,33.75,6.11,2,7.407407407407407,0.1111111111111111,1527
V0225,Vendor_V0225,Infra,1,Pune,750,9,4.583333333333333,10,0.7916666666666666,32.5,6.24,4,8.3125,0.125,860
V0226,Vendor_V0226,Infra,0,Bangalore,187,3,4.416666666666667,12,0.8333333333333334,32.875,2.37,2,6.391304347826087,0.043478260869565216,1651
V0227,Vendor_V0227,Services,0,Hyderabad,629,9,3.3333333333333335,10,0.75,34.041666666666664,4.28,4,7.266666666666667,0.0,1040
V0228,Vendor_V0228,Infra,0,Delhi,287,2,4.708333333333333,16,0.9166666666666666,37.875,7.03,4,7.142857142857143,0.10714285714285714,1698
V0229,Vendor_V0229,Services,0,Delhi,768,12,3.4166666666666665,8,0.7083333333333334,39.833333333333336,4.53,3,7.6,0.1,1006
V0230,Vendor_V0230,OEM,1,Bangalore,474,10,4.916666666666667,13,0.7916666666666666,37.333333333333336,5.78,3,7.5625,0.0625,1011
V0231,Vendor_V0231,Services,1,Bangalore,704,9,2.5,10,0.6666666666666666,33.416666666666664,5.12,1,6.296296296296297,0.07407407407407407,1730
V0232,Vendor_V0232,OEM,1,Delhi,420,8,3.0833333333333335,12,0.7916666666666666,34.291666666666664,6.9,1,8.1,0.0,1063
V0233,Vendor_V0233,OEM,1,Delhi,495,9,3.0833333333333335,17,0.75,32.625,2.99,3,9.470588235294118,0.23529411764705882,1126
V0234,Vendor_V0234,OEM,0,Pune,721,5,3.3333333333333335,9,0.6666666666666666,34.708333333333336,5.03,2,4.777777777777778,0.037037037037037035,1562
V0235,Vendor_V0235,Infra,1,Chennai,653,11,3.875,10,0.75,36.375,1.86,3,8.466666666666667,0.0,871
V0236,Vendor_V0236,OEM,1,Hyderabad,577,11,1.7916666666666667,5,0.625,37.375,5.83,1,7.137931034482759,0.034482758620689655,1736
V0237,Vendor_V0237,Infra,1,Mumbai,595,2,3.875,12,0.7083333333333334,33.0,6.12,2,8.538461538461538,0.038461538461538464,1575
V0238,Vendor_V0238,Infra,0,Chennai,149,8,1.4583333333333333,6,0.4583333333333333,38.75,1.3,2,4.352941176470588,0.0,1105
V0239,Vendor_V0239,OEM,0,Bangalore,382,12,4.875,13,0.7083333333333334,34.75,5.73,2,8.96551724137931,0.06896551724137931,1823
V0240,Vendor_V0240,Infra,0,Delhi,724,6,3.75,10,0.7916666666666666,35.625,3.9,1,6.9375,0.0625,700
V0241,Vendor_V0241,Services,1,Chennai,712,8,5.5,15,0.875,35.833333333333336,1.87,2,7.2,0.2,929
V0242,Vendor_V0242,Services,1,Hyderabad,311,11,6.583333333333333,15,0.9583333333333334,36.0,3.94,2,6.947368421052632,0.0,990
V0243,Vendor_V0243,Services,0,Bangalore,390,5,1.625,8,0.3333333333333333,36.083333333333336,2.36,1,7.95,0.0,1189
V0244,Vendor_V0244,Infra,1,Mumbai,48,10,4.625,12,0.9583333333333334,33.791666666666664,3.91,2,7.615384615384615,0.0,1251
V0245,Vendor_V0245,Infra,1,Mumbai,168,2,1.8333333333333333,6,0.6666666666666666,31.0,3.69,4,7.0625,0.0,799
V0246,Vendor_V0246,Services,0,Hyderabad,798,6,2.2916666666666665,7,0.625,34.458333333333336,6.17,3,4.818181818181818,0.09090909090909091,1320
V0247,Vendor_V0247,OEM,0,Hyderabad,315,5,2.875,10,0.6666666666666666,34.958333333333336,6.42,0,6.55,0.1,1105
V0248,Vendor_V0248,Services,1,Delhi,30,12,2.875,8,0.625,34.083333333333336,5.25,4,7.470588235294118,0.0,997
V0249,Vendor_V0249,Services,0,Mumbai,531,13,2.5833333333333335,10,0.625,33.333333333333336,1.16,2,7.321428571428571,0.03571428571428571,1567
V0250,Vendor_V0250,Services,1,Bangalore,695,12,4.083333333333333,12,0.7916666666666666,35.208333333333336,7.52,2,6.92,0.04,1653
V0251,Vendor_V0251,Infra,0,Chennai,132,5,2.3333333333333335,7,0.625,35.125,5.8,2,5.642857142857143,0.0,1671
V0252,Vendor_V0252,Infra,1,Bangalore,206,13,3.3333333333333335,9,0.7083333333333334,31.916666666666668,1.24,3,8.470588235294118,0.058823529411764705,1106
V0253,Vendor_V0253,Services,0,Pune,763,1,4.375,10,0.8333333333333334,34.833333333333336,6.73,0,8.545454545454545,0.22727272727272727,1264
V0254,Vendor_V0254,Infra,0,Pune,246,2,2.7916666666666665,11,0.6666666666666666,34.041666666666664,2.4,1,5.882352941176471,0.0,1213
V0255,Vendor_V0255,Infra,1,Hyderabad,329,8,3.5416666666666665,12,0.75,35.208333333333336,5.05,1,8.15,0.1,1112
V0256,Vendor_V0256,OEM,0,Delhi,117,13,1.4583333333333333,7,0.4166666666666667,37.208333333333336,4.27,1,7.62962962962963,0.0,1592
V0257,Vendor_V0257,Services,0,Pune,74,14,2.3333333333333335,10,0.5833333333333334,34.333333333333336,3.94,2,6.769230769230769,0.038461538461538464,1663
V0258,Vendor_V0258,OEM,0,Mumbai,642,13,4.875,13,0.875,33.5,7.23,1,6.764705882352941,0.11764705882352941,898
V0259,Vendor_V0259,OEM,1,Bangalore,683,3,5.375,14,0.9166666666666666,34.708333333333336,4.06,1,6.666666666666667,0.08333333333333333,1428
V0260,Vendor_V0260,Infra,1,Bangalore,777,10,3.2083333333333335,11,0.5416666666666666,32.75,1.53,1,7.933333333333334,0.13333333333333333,1024
V0261,Vendor_V0261,OEM,1,Hyderabad,425,3,3.75,11,0.6666666666666666,31.541666666666668,7.63,3,6.695652173913044,0.08695652173913043,1535
V0262,Vendor_V0262,Services,0,Chennai,88,8,1.0,6,0.375,33.625,7.44,0,6.230769230769231,0.0,1490
V0263,Vendor_V0263,Infra,0,Hyderabad,331,8,3.375,9,0.6666666666666666,34.833333333333336,5.79,1,6.260869565217392,0.0,1391
V0264,Vendor_V0264,OEM,0,Chennai,308,2,2.0833333333333335,12,0.4583333333333333,36.208333333333336,4.28,1,4.7727272727272725,0.09090909090909091,1370
V0265,Vendor_V0265,Services,0,Hyderabad,781,8,4.125,11,0.7916666666666666,35.25,1.65,3,8.842105263157896,0.05263157894736842,1188
V0266,Vendor_V0266,OEM,0,Hyderabad,567,11,2.3333333333333335,11,0.5,35.583333333333336,6.54,4,7.476190476190476,0.047619047619047616,1255
V0267,Vendor_V0267,OEM,0,Hyderabad,770,13,2.375,7,0.6666666666666666,37.0,1.53,1,5.956521739130435,0.0,1641
V0268,Vendor_V0268,OEM,0,Chennai,167,13,1.2083333333333333,4,0.4583333333333333,31.333333333333332,1.48,2,6.333333333333333,0.041666666666666664,1385
V0269,Vendor_V0269,Infra,1,Chennai,486,1,1.8333333333333333,9,0.4583333333333333,35.291666666666664,4.76,4,8.6,0.2,1074
V0270,Vendor_V0270,Infra,0,Hyderabad,758,6,3.8333333333333335,9,0.875,36.916666666666664,2.12,2,6.2105263157894735,0.05263157894736842,1114
V0271,Vendor_V0271,Services,0,Pune,263,8,2.6666666666666665,10,0.625,34.083333333333336,1.05,0,6.208333333333333,0.0,1338
V0272,Vendor_V0272,Services,1,Delhi,510,3,3.25,11,0.625,36.625,3.96,0,5.105263157894737,0.0,1609
V0273,Vendor_V0273,Services,0,Delhi,526,8,2.2916666666666665,9,0.5833333333333334,36.166666666666664,1.96,2,5.708333333333333,0.0,1340
V0274,Vendor_V0274,Services,1,Delhi,384,12,1.9166666666666667,9,0.4166666666666667,36.208333333333336,2.12,4,7.5,0.09090909090909091,1604
V0275,Vendor_V0275,OEM,1,Chennai,501,1,2.5833333333333335,8,0.625,33.125,1.54,0,8.15,0.05,1528
V0276,Vendor_V0276,OEM,1,Chennai,220,11,2.0833333333333335,6,0.625,33.541666666666664,2.44,0,7.3478260869565215,0.043478260869565216,1376
V0277,Vendor_V0277,Services,0,Pune,173,11,3.5833333333333335,11,0.5833333333333334,33.916666666666664,6.01,0,7.0,0.125,827
V0278,Vendor_V0278,OEM,1,Delhi,469,9,2.875,9,0.6666666666666666,33.291666666666664,6.66,2,6.882352941176471,0.11764705882352941,1056
V0279,Vendor_V0279,OEM,0,Delhi,520,13,4.5,13,0.875,33.791666666666664,4.17,1,6.222222222222222,0.0,1300
V0280,Vendor_V0280,Services,0,Hyderabad,92,11,4.625,14,0.8333333333333334,34.541666666666664,4.55,3,7.04,0.08,1200
V0281,Vendor_V0281,Services,0,Chennai,732,13,3.2083333333333335,8,0.7083333333333334,36.958333333333336,1.23,1,7.842105263157895,0.10526315789473684,1251
V0282,Vendor_V0282,Infra,1,Delhi,315,9,2.5833333333333335,13,0.5,34.5,1.49,3,7.08,0.04,1420
V0283,Vendor_V0283,Infra,0,Bangalore,36,5,4.291666666666667,10,0.7083333333333334,37.0,2.8,2,6.931034482758621,0.06896551724137931,1843
V0284,Vendor_V0284,Infra,0,Pune,660,10,1.1666666666666667,6,0.4166666666666667,33.208333333333336,4.81,1,5.611111111111111,0.0,1217
V0285,Vendor_V0285,OEM,1,Bangalore,236,4,2.1666666666666665,8,0.625,35.625,6.18,2,9.6,0.2,799
V0286,Vendor_V0286,Infra,0,Bangalore,80,11,3.7916666666666665,9,0.7916666666666666,31.541666666666668,5.24,2,8.32,0.08,1542
V0287,Vendor_V0287,OEM,0,Pune,635,6,2.3333333333333335,13,0.5416666666666666,34.166666666666664,3.74,1,5.32,0.08,1531
V0288,Vendor_V0288,OEM,0,Bangalore,61,12,4.083333333333333,14,0.8333333333333334,34.208333333333336,1.83,3,7.363636363636363,0.09090909090909091,1274
V0289,Vendor_V0289,Infra,0,Delhi,44,7,1.625,6,0.5416666666666666,36.875,6.47,1,7.947368421052632,0.05263157894736842,1337
V0290,Vendor_V0290,OEM,0,Chennai,58,5,2.375,8,0.625,33.958333333333336,3.55,1,7.785714285714286,0.10714285714285714,1551
V0291,Vendor_V0291,Infra,0,Pune,150,11,3.375,11,0.8333333333333334,34.625,6.15,1,7.074074074074074,0.07407407407407407,1775
V0292,Vendor_V0292,Infra,1,Hyderabad,517,13,2.0416666666666665,8,0.375,32.208333333333336,4.59,0,6.827586206896552,0.06896551724137931,1791
V0293,Vendor_V0293,Services,0,Bangalore,248,10,1.7083333333333333,8,0.5833333333333334,32.25,6.17,2,7.884615384615385,0.11538461538461539,1481
V0294,Vendor_V0294,Infra,0,Pune,127,9,1.25,5,0.4583333333333333,36.208333333333336,7.35,2,6.043478260869565,0.0,1269
V0295,Vendor_V0295,Infra,1,Mumbai,191,3,1.6666666666666667,9,0.4583333333333333,36.833333333333336,7.45,1,5.315789473684211,0.05263157894736842,1006
V0296,Vendor_V0296,OEM,0,Mumbai,454,7,2.4583333333333335,7,0.6666666666666666,34.541666666666664,4.75,2,7.473684210526316,0.10526315789473684,1128
V0297,Vendor_V0297,Services,1,Chennai,497,10,4.5,15,0.8333333333333334,34.916666666666664,4.58,0,7.9,0.2,1085
V0298,Vendor_V0298,Infra,0,Delhi,121,10,1.8333333333333333,6,0.75,35.208333333333336,2.86,3,6.894736842105263,0.05263157894736842,1084
V0299,Vendor_V0299,OEM,0,Chennai,543,11,6.0,14,1.0,31.625,7.55,2,6.333333333333333,0.13333333333333333,1119
V0300,Vendor_V0300,Infra,0,Chennai,294,5,2.875,8,0.75,34.708333333333336,4.21,1,5.833333333333333,0.08333333333333333,1567
